Actual,Predicted_Class,Predicted_Probability
1,1,0.8543114871700426
1,1,0.5973772789549702
0,0,0.1016879821603678
0,1,0.6157176552514088
0,0,0.011322408974257635
0,0,0.014120413195438471
0,1,0.6050602128571555
0,0,0.012987832184134202
0,0,0.05292681883312113
0,0,0.0012710429360895449
0,0,0.008052264142835611
0,0,0.014118199550342558
0,0,0.017594859485252745
1,1,0.7306155033228287
0,0,0.013029504798737244
0,0,0.20471289376994142
1,1,0.8541326570356775
0,1,0.8683253494872877
0,0,0.16350256679076372
0,0,0.02904925964545514
1,1,0.8496271253671479
0,0,0.2516577356793568
0,0,0.1818588914252694
0,0,0.056188061505346956
0,1,0.5587107356266034
1,1,0.8693397616365796
1,1,0.8110707139447404
1,1,0.8622091592197162
0,0,0.08158788931110725
0,0,0.06490637229158971
0,0,0.08990455196254787
0,1,0.7364668085433983
1,0,0.36294106852943125
0,1,0.5532751452806073
0,0,0.05798818417932375
0,0,0.04335004382995668
0,0,0.027522367901953535
1,0,0.3891840461047013
0,0,0.025521500789082874
0,0,0.23511932542254166
0,0,0.09016910852704593
0,0,0.007872930030212314
0,0,0.33590074349708743
0,1,0.8482974488138388
0,1,0.8020090765109077
1,1,0.709744523008648
1,1,0.774712276968
1,1,0.704275827931864
0,0,0.09736672962857133
0,0,0.12235232272205365
0,0,0.26004032170027674
0,1,0.8141694323728101
0,0,0.052034853205073214
1,1,0.7448341599621936
0,0,0.09460347031115483
0,0,0.012683378061378342
0,0,0.017433554753588265
1,1,0.7435350290616652
0,0,0.006627053023349474
0,1,0.9158862005836744
1,1,0.7833786522943512
0,1,0.5086524534297342
0,1,0.6625636278409291
0,0,0.056925179560928255
0,0,0.05642651981228784
0,0,0.015537926169454302
0,0,0.1718449977949406
0,0,0.01931629812841305
0,0,0.24297514088764335
0,0,0.02909213614086892
0,0,0.2108072750191639
0,0,0.007214101129738243
0,0,0.0007868017594168517
0,0,0.06555828273946208
1,1,0.8321706548356937
1,1,0.6753680801804175
0,0,0.34732603076497137
0,0,0.33886764768839694
0,0,0.003659409632712926
1,1,0.764549460299479
0,1,0.7590393436070482
0,1,0.755273550132614
0,0,0.001733648391739156
0,0,0.002900271030228452
0,0,0.1750983889226884
0,0,0.0018763651953724453
1,1,0.8300113513450961
0,0,0.020729860443791857
1,1,0.8918281283127332
1,1,0.7324711993330605
0,0,0.0014998644519536135
0,0,0.0021807350772590248
0,1,0.6062008039251952
0,0,0.004757885341003345
0,0,0.001988110215363282
1,1,0.7992180791595156
0,0,0.3872150455524705
0,0,0.21028453052856327
0,1,0.8190518519502324
0,0,0.07993239889676981
0,1,0.678483553611314
0,0,0.0536541937969086
0,0,0.011339905845363443
0,0,0.23747402032650963
0,0,0.16665533722820747
0,0,0.0012246461252390928
0,0,0.3074212376232859
0,0,0.03543821050815466
0,1,0.6486824630369131
0,0,0.175169218301976
0,0,0.017792335176998592
0,0,0.32196179264884184
1,0,0.22944467523221
0,1,0.6980509317293434
1,1,0.6965907641475935
1,1,0.8942485490714308
1,1,0.6642393837322542
1,1,0.7662059438337383
0,1,0.589965968474719
0,0,0.059731612386554195
0,0,0.19166711651718235
0,0,0.00038346532456062744
0,0,0.2121319027038443
0,0,0.16074663234963535
0,0,0.29431624923861205
1,1,0.8363315435078021
1,1,0.908111446152849
0,1,0.8723205327195812
0,1,0.6774481484909213
1,1,0.5094276906656509
0,0,0.04947406770137086
0,1,0.8028019709414979
0,1,0.8011376428117312
0,0,0.03135527619694057
0,0,0.17095006321529502
0,0,0.4534171296309007
0,0,0.10326604789849197
1,1,0.8461185555388805
0,0,0.048049536797845356
1,1,0.7926328767368153
0,0,0.38352204939384116
0,1,0.816952323873013
0,0,0.2980161850298105
1,1,0.5966020214040497
0,0,0.3861382655518016
1,1,0.8756689563379005
1,1,0.8094734189994204
0,0,0.004864832598727999
0,0,0.0218092788918902
0,0,0.09613070707764891
1,0,0.39714558933798794
0,0,0.42526307778070266
0,0,0.023488394023363925
0,1,0.6492278382360319
0,0,0.0004236277251961938
1,1,0.8114224184817511
0,0,0.09107065430879765
1,1,0.8241672922617364
0,0,0.01210479781904957
0,0,0.04171678639980148
0,1,0.5641443621563365
1,1,0.8794293513879359
0,1,0.663558957207671
0,0,0.0013790860822610726
1,0,0.04748472998104349
0,0,0.037830208463924396
0,0,0.27794567934409004
1,0,0.3920299663864517
0,1,0.6821288935923032
0,0,0.0005258638118922955
1,0,0.4231705388686943
1,0,0.47917700994779616
0,0,0.00839079836818485
0,0,0.000897257504631617
0,0,0.15784545114150317
0,0,0.0003591450505777404
1,1,0.8805544065497044
0,0,0.016606407965530878
0,0,0.32172467666634813
0,0,0.15229737791729453
0,0,0.19559526343213524
0,0,0.2300447987181389
0,0,0.040497016127083174
0,0,0.0031137344322405493
0,0,0.005459568327496182
0,0,0.4062863898140632
0,0,0.009857262892392922
1,0,0.13932811745969445
0,0,0.002513353881417273
0,0,0.10589860037205061
0,0,0.19641512554594806
1,1,0.7494471373210824
0,0,0.056909532016066
0,1,0.7605027444751931
0,0,0.06048836102723184
0,0,0.39354391233154923
1,1,0.6674930733364639
0,0,0.007711316561408961
0,1,0.5053246974421488
0,1,0.8363429537586325
0,0,0.2575809625649967
0,0,0.0733421533459677
0,0,0.0053740433278064124
0,0,0.0007370382293586908
0,0,0.30897333333890104
0,0,0.4643525615937394
0,1,0.873455330589587
0,1,0.6279305237365052
0,1,0.5104445483863794
1,1,0.5573537036703414
0,1,0.7549661243804296
0,0,0.00697482916358901
1,1,0.8687785363663538
0,0,0.18024304786596498
0,1,0.7581282405888012
1,1,0.8651149671826335
0,0,0.00037522239042740653
0,0,0.18161066075312296
0,0,0.45192916236587743
1,0,0.4765979870399538
1,1,0.6873590784139166
0,0,0.2274982005730909
1,1,0.912983823511457
1,1,0.867604124958889
0,0,0.014657581763989189
0,0,0.14742908748635442
0,0,0.4030090650196917
0,0,0.2906037051198385
0,0,0.14220178501728495
0,0,0.004038087308940168
0,0,0.27635159613061205
0,1,0.7247205378029556
1,0,0.23170270065833992
0,0,0.06552638790341415
1,0,0.15657336300241895
0,0,0.29973824188926645
0,0,0.24793152934862295
0,1,0.7555515253139214
1,0,0.09742952426345523
1,1,0.6740631675092659
0,1,0.5831775410410139
1,1,0.5437981070422232
1,1,0.9149423044260804
0,0,0.03032360784892512
0,0,0.0006866577921364554
0,0,0.34016503145012117
0,1,0.8074127996529804
0,1,0.6410111493898326
0,0,0.025938893898747924
1,1,0.6525519148079718
0,0,0.11615327337331645
1,1,0.7193872694358598
0,1,0.5465866042212842
0,0,0.0005188657121190188
0,0,0.055560457371196394
1,1,0.8163493070173341
0,1,0.6156125519558183
1,1,0.7202293921314366
1,1,0.7272262201850191
0,0,0.013354946747659684
0,1,0.906628031829878
0,1,0.7961755647073688
0,0,0.002868851326360165
0,0,0.2416336416094884
1,1,0.8810319553601212
0,0,0.0020988343975151752
0,0,0.20192816728648624
0,0,0.017317887023892396
0,0,0.016773149528099728
1,1,0.8841726748650935
0,1,0.7048710038874525
0,1,0.8456315053001446
1,1,0.7288695308139048
1,1,0.8942274897586078
1,1,0.9144340227983538
1,1,0.804961263033924
0,0,0.41602559838049624
0,0,0.20935731359352341
0,0,0.00619178882232359
0,0,0.4355849416881916
0,0,0.003536742773080698
1,1,0.800656368453109
1,1,0.8471132733802665
0,0,0.1302759920286465
1,1,0.6768251044723441
0,0,0.020457119847803424
0,0,0.35300587212053103
0,0,0.04675694584762102
0,0,0.013128791472871021
0,0,0.036199007707209255
0,0,0.032612289249773704
0,1,0.6267624459579222
0,1,0.5031351328305997
0,0,0.4022727940144085
0,0,0.0006150043796183065
0,0,0.005215114788783997
0,0,0.12438111743331669
0,1,0.736070623581794
0,0,0.03825710536773918
0,0,0.007381227190704452
0,0,0.0065827498930320204
0,1,0.5379591227078037
1,1,0.537757681932207
0,0,0.010735101962640685
1,1,0.9334601601305577
1,1,0.8549125371463472
0,1,0.7499379401203232
0,1,0.6124635427578455
0,0,0.006285307379784939
1,1,0.5006305378998006
0,0,0.06695227102841082
0,0,0.006619264191331813
0,0,0.005190345703541133
0,1,0.5938254726669586
1,1,0.6477248827180091
0,0,0.38984219025513045
1,1,0.822257635328119
1,0,0.48776645618646536
0,0,0.47673323351884334
0,0,0.01299610206651671
0,1,0.7679574355315693
0,0,0.32056857821551615
0,1,0.7463052702719695
1,1,0.8325129767869406
0,0,0.0005413007126094357
0,1,0.835172783058644
1,0,0.1165140431599891
1,1,0.5215747705407829
1,1,0.8243067580907606
0,0,0.1506462157243103
0,0,0.01022825602520448
0,0,0.002687523801536391
0,0,0.006257931117999616
0,0,0.005267594717576298
1,1,0.7324678067348954
0,0,0.1801822100844454
0,0,0.08881957534247326
0,1,0.673274946585243
0,1,0.6837104569643065
0,0,0.2079122959574427
0,1,0.6175422928154973
1,0,0.13947158812320964
0,0,0.011063701026200008
1,0,0.0922295369975473
0,0,0.10092597411751275
0,0,0.017758692884015666
0,0,0.15209362405440627
1,1,0.894605405398653
0,0,0.39125119781363155
0,1,0.6904350087954132
1,0,0.2549798919634916
0,1,0.898741065228136
0,0,0.03787928139616138
1,1,0.6470744890248107
0,0,0.011184079846959608
0,0,0.023595905272640983
1,0,0.36899452000653166
0,0,0.16831522627179202
0,0,0.3091284262812447
0,0,0.36901296791913946
0,1,0.7327455283569878
0,0,0.3818068750132283
0,0,0.18832457873802375
0,0,0.06481144826100518
1,0,0.19442787129453498
0,0,0.39966957138469567
0,0,0.020564886486536493
0,0,0.13956879755721346
0,0,0.05472167423538324
1,1,0.8232300450045124
1,1,0.7635399788427509
1,1,0.8824521368207459
0,0,0.050120254019804654
0,0,0.2233225846165725
1,1,0.7533133603228386
0,1,0.8425892157004607
0,0,0.010951472271176526
1,1,0.5659343998991225
0,1,0.6667146149339965
0,1,0.733663730380709
0,1,0.7371149657442414
0,1,0.5221857547862528
0,0,0.1607592939351102
0,0,0.018497535680673242
0,0,0.029977976602907852
1,1,0.7819899663568673
0,0,0.10174650275064723
0,0,0.14171806543091378
0,0,0.0036996222056307248
0,0,0.0016457478404150873
0,1,0.6428557406556046
0,0,0.03684056298967054
0,0,0.09992310997071602
0,1,0.7875707349031781
0,0,0.46298196861286506
0,1,0.7215787339979683
1,1,0.6834065301779244
0,0,0.002576192414248311
0,0,0.11341315266207622
0,1,0.5211272128419584
0,0,0.013957405555006039
0,0,0.003283420478264843
0,1,0.5913609329172482
0,0,0.04266900883572853
0,0,0.02759078160913755
1,1,0.8400166769716662
1,1,0.8103621754270459
0,1,0.5522915572422634
1,1,0.6992742094685945
0,0,0.032424683263613543
0,0,0.45305253245449023
0,1,0.5922630413227948
0,0,0.47739018622497015
0,0,0.003035567431100118
0,1,0.6677566798394653
0,0,0.4642620305908434
0,1,0.7981001864320587
0,1,0.8165986987739038
0,0,0.0005242342938331683
0,0,0.01582124809988323
1,0,0.22286886250943605
0,0,0.23844784085746198
0,0,0.46603675153842683
0,0,0.22201528458981415
0,0,0.4638844263441047
1,1,0.8000637597332169
0,0,0.005107999145235998
1,0,0.3963442409165598
0,1,0.8599730438770162
0,0,0.30524062939559554
0,0,0.008887821066966343
1,1,0.9163971082071821
0,0,0.08817600268701847
0,0,0.07763955374329848
0,0,0.35975221035901106
1,1,0.7266451545892538
0,0,0.014960487381700366
0,1,0.7252605857083216
0,0,0.013548800528723223
1,0,0.4388911398140899
0,0,0.092120723807081
0,0,0.0017233084344214355
0,1,0.6363181017359232
0,0,0.40976502293323425
0,0,0.08622256595489391
0,0,0.14556540318655886
0,0,0.06298656310706105
0,1,0.7490493280751535
0,0,0.07768973249079693
0,0,0.009536146742347389
1,1,0.5905357968569903
0,0,0.0024336940966646443
0,0,0.14719493352767468
0,0,0.49979412175158083
0,1,0.8151084681639432
0,0,0.041401735593257695
1,1,0.8930324457114938
0,0,0.014208142501065718
0,0,0.3901496674919498
0,0,0.42497130115668663
0,1,0.8173461284404648
1,0,0.31474746426259914
0,1,0.7002649939948035
0,1,0.571375113644781
0,0,0.3238695016099241
0,1,0.8526800254275883
0,1,0.8630370605517796
0,0,0.013439000031807218
1,0,0.3297878987650178
0,0,0.048107579667227764
0,0,0.010734656284374821
0,0,0.41431535824021704
0,0,0.012523096252423219
1,0,0.004272032582196198
1,0,0.4707460372049764
1,1,0.7037836394492285
0,0,0.334214347405913
0,0,0.0014048814015130402
0,1,0.5606092109279734
0,0,0.0067478168177987395
1,1,0.6627742520751577
1,1,0.846575248627126
0,0,0.00790403169728784
0,0,0.0076749616910154455
0,0,0.29487611288123133
0,0,0.11826907007041182
0,0,0.009383158030955675
0,0,0.03934767752951707
0,0,0.042175158654735076
1,1,0.855288018379551
0,0,0.16842392889692887
0,1,0.6934868932698262
0,0,0.013099328734729857
1,1,0.9134543657848543
1,0,0.3223939869255576
0,0,0.26667380438344784
0,0,0.3352453471573356
0,1,0.6996097630110668
1,1,0.5764947875017927
0,0,0.08220966231807213
0,0,0.0017123804325424596
0,0,0.09536380918570467
1,0,0.04366604657520212
0,1,0.6995293798468921
0,0,0.0030832101785877065
0,0,0.01036595155511536
0,1,0.8198945349293717
0,0,0.3556819731461223
0,0,0.012077485195702306
0,0,0.0871837450100941
1,1,0.8790541391772605
0,1,0.6058421221880261
0,0,0.006516488764832405
0,0,0.35062883050376303
0,0,0.0039226856819238425
0,0,0.17217749857248346
0,0,0.3640905409290068
0,0,0.009677524529083643
0,0,0.002570281390728516
0,0,0.1482472438232265
0,1,0.6414773712892707
0,0,0.02087309754685394
0,0,0.1805627375719692
0,1,0.8774448819413166
0,0,0.03192482921657306
0,0,0.0017679493851387228
1,1,0.8285424965151896
0,0,0.005077001581415627
0,0,0.37542500894891584
1,0,0.4704166990634606
0,0,0.16428202893436494
0,1,0.63173079474773
0,1,0.8909479121041107
1,1,0.911673192755693
0,0,0.20282313422994805
0,0,0.07287006106403748
0,1,0.7833306637979905
0,0,0.20150199934815619
0,0,0.05034741576536665
0,1,0.5903072230576076
0,1,0.5843004957508584
0,0,0.0017770331838222332
0,0,0.029610483219002795
0,0,0.02013348190119466
0,0,0.008108543757936843
0,0,0.028282501856989814
1,1,0.7920186114849614
1,0,0.45387060615244895
0,0,0.0719763316537523
0,1,0.6149253080705458
1,0,0.4140178347866805
1,1,0.6114401442520876
1,0,0.32565774002991243
0,0,0.0031338772021444377
1,1,0.6515593127952889
1,1,0.7639660096527018
0,1,0.6940478665521306
0,0,0.004218012583377846
1,0,0.4429048778957724
0,1,0.7409487973508955
0,0,0.003674736121885147
1,1,0.8542223778320509
1,0,0.19568779108309875
1,1,0.7308917521411705
1,1,0.7636494350487603
0,1,0.8758346839369917
1,0,0.36927920410828435
0,0,0.008228625059720187
0,0,0.09151760011853975
0,0,0.34397114081839864
0,0,0.4866975648013286
0,0,0.12182031605544359
0,0,0.0003619388653736207
0,1,0.8475370384728581
1,0,0.06325118257310217
0,0,0.008115099796297284
0,0,0.2425944651917378
0,1,0.737769977642755
0,0,0.2309264913424923
1,1,0.7979801807511432
0,0,0.2828911087878292
0,0,0.008402547471350346
0,0,0.029643965228471816
1,1,0.8582374547489631
0,0,0.00481604923638628
0,1,0.7938535597569589
0,0,0.4492583092827378
0,0,0.3247428304380237
0,0,0.03593483578240483
0,0,0.004267123620282548
1,1,0.5933459653508449
1,1,0.7523182478664093
1,1,0.8713223380100636
0,1,0.8734382615348236
1,1,0.7384171846928588
0,0,0.06888886190585142
0,0,0.012935339098909539
1,1,0.8262214429876449
1,1,0.8546860805863975
0,0,0.002126668520322712
0,0,0.010578719487797397
0,1,0.6426278343365571
0,0,0.007345678240033201
0,0,0.442655972297238
0,0,0.4918754008199232
0,0,0.16391943707534776
0,0,0.0454831249370166
0,1,0.8123955744420611
0,1,0.5149133581379843
0,1,0.5404299863319288
0,1,0.7300995965281536
0,1,0.7346212091695714
0,0,0.37194189562086116
0,1,0.7997711167813216
0,0,0.29120639312179536
0,1,0.5444323416770251
1,0,0.07396120898845489
0,0,0.02037320109599495
0,0,0.004567158667727187
0,0,0.09036671627848743
0,0,0.016051600912372604
0,0,0.31923148486134795
0,1,0.5230424477121395
1,1,0.8637764611208032
1,1,0.6348045744740899
1,1,0.8548017326983591
0,0,0.01898996965628187
0,0,0.10966231977581822
1,1,0.7060366962962102
0,1,0.701927733117438
0,0,0.02088759075035238
1,1,0.8093860906890691
0,1,0.5839028316762508
0,0,0.22714533399441408
0,0,0.002517376215067673
0,0,0.04586345628520457
0,0,0.3595102217025336
0,0,0.16546191740215793
0,0,0.2257912988114196
1,1,0.836220955204955
0,0,0.20080689048607
0,0,0.4157055896123249
0,0,0.07786032704288262
0,0,0.02770550378769113
0,1,0.7214281923057115
0,1,0.7766986119559537
0,1,0.7760439227764562
0,1,0.7358370186233711
1,1,0.7353716809530906
1,0,0.2974500978365347
1,1,0.7701189244546665
0,0,0.01667455590863306
0,1,0.6436709479878042
0,0,0.09096672915159364
0,0,0.0016099537752133613
1,1,0.6962863563778553
0,0,0.004128676596657683
0,0,0.04110596035005765
0,0,0.24122536763990218
0,0,0.3996258313375285
0,0,0.30806449999022667
0,0,0.0005664055472970126
0,0,0.009031323575704478
0,0,0.20337787148595907
0,0,0.007867957566904726
1,1,0.7357496092267661
0,0,0.004762656939793546
0,0,0.03208380539880044
1,0,0.09357550129910329
1,0,0.012561871518851964
0,1,0.6327781328374844
1,1,0.9015288318998622
1,0,0.45870978443348254
1,0,0.27155419797155794
0,0,0.09606705426517013
1,1,0.6067540929272267
0,1,0.7704596809807163
0,1,0.8332030948651076
1,1,0.501603293783682
0,1,0.9098036481042533
0,1,0.7073242043368162
0,0,0.3168669974310764
0,0,0.0006096102821269864
0,1,0.7338606268132805
1,1,0.7599617396340892
0,0,0.4342784791197724
0,1,0.5102712904929865
1,1,0.7617753213877562
0,0,0.09531089056382253
1,0,0.2242550080103211
0,0,0.09995242658339516
1,0,0.3820649920160587
0,0,0.19199879064798833
0,0,0.015555388272696256
1,1,0.8534634758144762
0,0,0.02249869712732149
0,0,0.1035570878953199
0,0,0.11247322068886925
0,0,0.014126194575240095
0,0,0.006756248326827137
0,0,0.0479635634260818
0,0,0.09009984238860044
0,0,0.07809334244348258
0,0,0.01202381143889519
0,0,0.005341838411840813
0,0,0.49502993055763517
0,1,0.8153273589938757
1,0,0.46658716447760723
1,1,0.847419343547774
0,1,0.7740559387440086
0,0,0.005116744879628765
0,0,0.003350797418633686
0,1,0.8398868730526282
0,0,0.0076093419833364465
0,1,0.5323192625077975
0,0,0.0018238194581259625
1,1,0.7540686291423173
0,1,0.8767495118197792
1,1,0.9129714939582928
0,0,0.4502160782522734
0,0,0.17953312022008383
0,0,0.23164156041431982
0,0,0.18873148378454838
1,1,0.5075808145050689
1,1,0.8395691222325229
0,0,0.06842363131371472
0,0,0.43224141879219674
0,0,0.03218244648190109
1,1,0.6151863886943513
0,0,0.0006417654494711542
0,0,0.06530245701321234
1,1,0.9106937266253897
0,0,0.16693637789592047
1,1,0.6367432956369832
0,0,0.11429554954405241
1,1,0.6778956877352572
0,0,0.15357739801843587
0,0,0.018809692382611907
1,1,0.9209288461023603
1,0,0.38003816798720486
0,1,0.6998925443806567
0,0,0.06458262255733224
0,0,0.3742275807997509
0,0,0.03747686154231811
0,0,0.10668636767046866
0,0,0.18472971136952854
0,0,0.20689647687132678
0,0,0.024741867153527924
0,0,0.0026653659450327906
0,1,0.5233160294237156
0,1,0.736539521023844
1,1,0.6280943078385366
0,0,0.19684610888590043
0,0,0.07559324681358338
1,1,0.676167858915286
0,1,0.7094710403623711
0,0,0.06183000716250654
1,1,0.8624674872131732
0,0,0.13997555068554562
0,0,0.15130022286390454
1,1,0.6612022123236636
0,0,0.011738094645663543
0,1,0.5889214372338962
1,1,0.680718887682887
0,0,0.1507460234734489
1,0,0.06584815522761331
0,0,0.0965283157842328
0,0,0.25372893379521644
0,0,0.0011133029265874552
0,1,0.8703291814585148
1,1,0.8940846622192877
0,0,0.0012498106643872792
0,1,0.7222748984678232
1,1,0.8036711740882314
0,0,0.004369507628362194
1,1,0.6705328471024051
0,0,0.16756855726751654
0,0,0.033843718406443
0,0,0.06901317795874963
1,1,0.7883430689818517
0,0,0.010558641127773423
0,0,0.08297619562291336
0,1,0.6227107251539341
0,0,0.051513940399998716
1,1,0.7852591672878098
0,0,0.052950781623344934
0,0,0.017266743156986824
0,0,0.06581382610409399
0,0,0.17305182895855603
0,0,0.20991098844178155
0,0,0.32692188769854047
0,0,0.04392179462422665
0,1,0.7849106212455165
0,0,0.18063368277441066
0,0,0.0007615433421651825
0,0,0.002747266084907323
1,1,0.8937918529956183
0,0,0.005837187951492744
0,0,0.13368379934716823
0,0,0.0005131482961142049
0,0,0.28439449140697554
0,0,0.07331225834661532
0,1,0.8282341740246221
0,1,0.6456346534703493
0,0,0.08154990966288786
0,1,0.5639099176848782
0,0,0.07440771815494457
0,0,0.016774201973204922
0,0,0.004443819087336275
1,0,0.04232445921491233
1,0,0.07833282346541405
0,1,0.5571844673258112
1,1,0.6964020668065051
0,0,0.03472530495292192
0,0,0.03292067269960546
0,0,0.054189434387387145
0,1,0.8376560169150151
0,0,0.046750644902789656
1,1,0.9078040164290974
0,0,0.005345331779986091
1,0,0.45286907330865644
1,1,0.8457102599520593
0,0,0.07938529384304252
0,0,0.024387314700852473
0,0,0.047808870681558716
1,1,0.7565925074509052
0,1,0.7040638497166634
0,0,0.15870188146960243
0,0,0.08669764802764197
0,0,0.0592856854590744
0,0,0.40689655761553306
0,0,0.0063025175479217614
0,0,0.006895285277883338
0,0,0.0480917631494879
0,0,0.3437028772951498
1,1,0.5389814924654959
1,1,0.9161139351941309
1,1,0.5749860156135301
0,0,0.1303529514346328
0,1,0.7766260942929905
1,0,0.07907314616207826
1,1,0.6203582433321437
0,0,0.41372037406465656
0,1,0.7240015522216994
0,0,0.07147527590722674
1,0,0.1724429231094308
1,1,0.9172260260475453
1,1,0.5168610175439231
0,0,0.007651663618866469
0,1,0.8633937363069212
0,0,0.016082998876318384
0,1,0.5460969312271433
0,0,0.07845382679554821
0,0,0.005948226135561186
1,1,0.5297096361707976
1,1,0.9070609506428009
0,0,0.09267909929993882
0,0,0.34709404304420743
1,0,0.11211509740124605
1,1,0.9245364959049852
0,0,0.29145930181027707
1,0,0.4647666880681254
1,1,0.6896907599824522
1,1,0.6920053278281436
0,0,0.4210635112342875
1,1,0.9094003356618621
0,0,0.1961928710702268
0,0,0.052031367604839174
0,0,0.0026923539409613164
0,0,0.010295212489968486
0,0,0.02342571156448591
0,1,0.7192096105996169
0,0,0.04872688416437602
0,0,0.0006028091682367885
0,0,0.0018280139645684653
1,0,0.4865851562059795
0,0,0.3278678063685223
0,1,0.7925461545704134
0,1,0.688090338159874
0,0,0.358896735937417
0,0,0.01809068523363979
0,0,0.13195742260643945
0,0,0.20201192676486515
0,0,0.18175185970848923
0,0,0.007589373113771525
0,0,0.20350956345978713
0,0,0.0012464362486445636
0,0,0.08071189968705429
0,1,0.5537221697659341
1,0,0.0021592299447411776
0,0,0.29081374995280523
0,1,0.7716454835974081
0,0,0.020561100494311323
0,0,0.005114263541687512
0,0,0.12892624628299423
1,1,0.7643964218313298
1,1,0.885998731411389
0,0,0.16958001349366483
0,0,0.02822880906796398
0,1,0.8739188243893977
1,0,0.40937373227912227
1,0,0.08072561218098621
1,0,0.3051795321260693
0,1,0.5635337657276376
1,1,0.8871954779966235
0,0,0.30094360400387316
0,0,0.010784497949222097
0,0,0.2376309242647355
0,0,0.17295270430858894
0,0,0.0019091917045382179
0,0,0.0028772630612360715
0,0,0.009527878396228278
0,0,0.18563431610661502
0,0,0.33388074586508476
0,1,0.704739525123814
0,0,0.01981366343402769
0,0,0.27043001781252524
1,1,0.6020870262894041
0,0,0.08498839428540857
0,0,0.15474968754316146
0,0,0.06281799930250805
0,0,0.36981464247127827
1,1,0.6234102859271794
0,1,0.7566735768614068
0,1,0.5709775960447286
0,1,0.6589284940140885
0,1,0.792439639607942
0,1,0.506125178047846
0,1,0.5780507215632192
0,0,0.006536661192030698
1,1,0.6935924321456766
0,1,0.5783585176971247
1,0,0.014426843201885624
0,0,0.10326699336703121
1,1,0.8886059189386533
1,1,0.6305228420921596
0,0,0.0015877060721181048
0,0,0.041545703259444934
0,0,0.29753078805177197
0,1,0.9215399597070839
1,1,0.6249396003759512
0,0,0.06123594990641317
0,0,0.26077002663857535
0,0,0.08977190582523249
0,0,0.14507540698105198
0,0,0.12442750535771005
1,0,0.016283297496497883
0,1,0.5227818443435286
0,0,0.4352804600727392
1,1,0.5047116441581143
1,1,0.8371770097026036
1,1,0.5452357537247753
0,0,0.16581476908719436
0,0,0.0006488425783299343
0,1,0.5195397165451822
0,0,0.00451379151168678
1,1,0.7767709025899362
1,1,0.7094669600064856
0,0,0.014045001699512604
0,1,0.7055935558175908
0,0,0.06163782282102872
0,0,0.3177246586746681
0,1,0.6180239239433191
0,0,0.015307987663722444
0,0,0.03850417758108488
0,0,0.02217375560494211
1,1,0.7785867843079608
0,1,0.7845479035187026
0,0,0.3085716576017713
0,0,0.25613753744552153
0,1,0.7139228792693837
0,0,0.006936784778011283
0,0,0.3511784397310103
0,1,0.8662221061852323
0,0,0.21384746382721442
1,1,0.9181964480577854
0,0,0.4029504289707194
0,0,0.05541496907803593
1,1,0.6660746178656586
0,0,0.07297752960004313
0,1,0.7176444106164622
1,1,0.5098431476428851
1,0,0.4104525045385477
0,0,0.07249647102309283
0,0,0.4161018048917695
0,1,0.842497744895862
0,0,0.04535470326281145
0,0,0.4257182187428631
1,1,0.8468324233200268
0,0,0.2652341262260327
0,0,0.1694736843874177
0,0,0.41468641301513737
0,0,0.228866446391349
1,0,0.23657879629961046
0,1,0.69240338079146
0,0,0.06078305033156841
1,1,0.680932580286011
0,1,0.5317025137382863
0,1,0.7066788977379767
0,1,0.7414047020750527
0,0,0.06100190889900126
0,0,0.07924061490311839
0,0,0.011342576128405873
0,0,0.019064164796260122
1,1,0.8703556298528625
1,0,0.039302679958558906
1,1,0.8016410760782083
0,0,0.22454986369281005
1,1,0.7108798609230583
0,0,0.20594578705018987
0,1,0.5270644241513603
0,0,0.31505773904237405
0,0,0.23645089368833194
1,0,0.012572134581618528
0,0,0.015231799962092969
0,0,0.28982995320520577
0,0,0.1754585334520266
1,1,0.8879643883579293
0,0,0.05748816632614401
0,0,0.0024753322795168548
0,0,0.342434739572889
0,0,0.322105790554965
1,0,0.1507440224646122
0,0,0.46948812460734907
0,0,0.005481138395475392
1,1,0.8460538386984141
0,0,0.006263171921744226
0,1,0.8897484155948959
0,1,0.758723810533656
0,0,0.0011871861809269726
1,1,0.5119217115291872
0,1,0.5981801180519117
0,0,0.03127075277439535
0,1,0.8029865351441613
0,0,0.22511704498929225
1,1,0.7441812996361478
0,0,0.3358425078126704
0,0,0.057796144177047114
1,1,0.5873378516702126
0,0,0.10973319461722242
1,1,0.6801933773457393
0,0,0.026856533886162288
1,0,0.2266884180154438
0,0,0.05500185054317805
0,0,0.13601120686929472
0,0,0.030618892795749857
0,0,0.0024219226206547277
0,1,0.7036251777018905
0,0,0.05276640201089804
1,0,0.41550607528862527
0,0,0.38380781747955145
1,0,0.4192246364706212
0,0,0.4351895390501745
1,1,0.6300760813983322
0,0,0.30514945797173587
0,0,0.005711383426310018
0,1,0.7065461474553488
0,0,0.026468390660016775
1,1,0.8685017770245466
0,0,0.26003036626672776
0,0,0.023317768793482744
0,1,0.5002727898467895
0,0,0.010077805770983581
0,1,0.587908243173756
0,0,0.004673261410805898
1,1,0.7856803116853859
0,0,0.0017467051244068183
0,0,0.1356958909271996
0,0,0.006791049530979109
0,0,0.0017561166788692196
0,0,0.4187813089497732
0,0,0.01294448097200374
0,1,0.7303923420943234
0,0,0.23393119936788073
0,0,0.010438789283233165
0,1,0.5503812504748734
0,0,0.05076662570409906
0,1,0.7023441627031427
0,0,0.06679090295916744
0,0,0.052434920628847144
0,0,0.04489965366106782
0,1,0.6523816046404489
1,1,0.9004251903491598
0,0,0.10700220748683484
0,0,0.44318572418067437
1,1,0.8562181725799496
0,1,0.6503283847985601
0,1,0.7368001360346672
0,0,0.03270024933023813
0,0,0.26682662210137276
0,0,0.15059976581666112
0,0,0.034042135296989774
1,1,0.5414684527886151
0,1,0.7499186702501051
1,0,0.1481172188753019
0,1,0.7895036340467134
0,1,0.8424809272179391
0,0,0.47703522482477906
0,0,0.4815590179702493
1,0,0.06737961370420771
1,1,0.8575767304051062
0,1,0.6321313226959365
0,0,0.268690746544615
0,0,0.3574593244237021
0,0,0.0017550136523429908
0,0,0.026885328609793264
0,0,0.030114211292166675
0,1,0.6456348020444855
0,1,0.7897360397631429
0,0,0.016475333120014514
0,1,0.6921167318034072
0,0,0.3877188755814553
0,1,0.8143382728651741
1,0,0.20487056368466106
1,1,0.8848792757547074
1,1,0.5667394491952984
0,1,0.8142100872235525
0,0,0.45856253685409004
0,1,0.8486484179923592
0,0,0.47601026441615785
0,0,0.06129925953886701
0,0,0.018248634372820233
0,0,0.04493666907829997
0,0,0.1456189684558063
0,0,0.049063847598911234
0,0,0.00790621897123007
0,0,0.0012144437058061299
0,0,0.2015658796392151
0,0,0.02503858886845287
0,1,0.6284010611290862
0,0,0.4071925196552765
0,0,0.009041269318347969
0,0,0.007857629447759692
0,0,0.13352976969472383
1,0,0.30703429975121843
0,0,0.1684846584041858
1,1,0.7496204857759867
0,0,0.006020214826407918
1,1,0.7786155605079621
0,0,0.0018526223778636795
0,1,0.5798154304104509
0,0,0.005183550266781031
0,0,0.410929401546242
0,0,0.0011390510263946231
0,1,0.77661532894797
0,1,0.9130552113748468
0,0,0.35111760777348794
0,0,0.39029301124127425
1,1,0.7791319795099889
1,1,0.7453944831567167
1,1,0.7038610971984542
0,1,0.5839265714466455
1,1,0.7005341277420947
1,0,0.20347726346878264
0,1,0.8352850963681466
0,1,0.5937717505414492
0,1,0.7967429389262489
1,1,0.5233306900598617
0,0,0.031945466716325886
0,0,0.007238441728784079
0,0,0.3958297434443477
0,0,0.0015372127428287885
1,1,0.7223605504428735
1,1,0.8770846958710132
0,0,0.31985648822249946
0,0,0.0023103848508699686
0,1,0.7704884991873289
0,0,0.035221897635035894
0,0,0.08529700624847718
0,0,0.036847209990604805
1,1,0.5080658153504735
0,1,0.8178788476297104
0,1,0.6271099056643199
1,1,0.8670445196485129
0,0,0.007879598789428255
0,0,0.026021578917614557
0,0,0.48176274153463594
0,1,0.694904920529348
0,0,0.026632745721588042
0,0,0.2924772613151279
0,0,0.14039386804267348
0,0,0.0421853578186676
0,0,0.06184644264886487
1,0,0.4574048194207293
0,0,0.3856160189669264
0,1,0.716575222150619
0,1,0.7678782318894057
0,0,0.23782956227421206
0,0,0.2189487244080647
1,1,0.7229906236748672
1,1,0.8677687002405046
0,0,0.16233407139150638
1,1,0.6722133594282655
0,1,0.8337063364718267
1,1,0.7216029346791593
0,0,0.10098317986863481
0,1,0.5499147133284767
0,0,0.3416342677859171
0,0,0.05241996321945511
0,0,0.07410847231931207
1,1,0.7121499110710217
0,0,0.0008809059321815393
1,0,0.34940751826171235
0,1,0.6341325495657274
1,0,0.18855971368648652
0,0,0.00471964514923279
0,0,0.05089329072110005
0,1,0.8595222568710622
0,0,0.11405191529713983
1,1,0.8513623625764934
1,1,0.5715439919339141
0,0,0.22414574645967716
0,0,0.009305124711177747
0,0,0.003429503041131943
0,0,0.17051076776965055
0,0,0.40775576855373363
0,0,0.007499017479204213
1,1,0.7356902599401951
0,0,0.005572342244286883
1,1,0.5679038106601506
1,1,0.8434868533598046
1,1,0.7931524936250824
1,1,0.7018917261138441
0,0,0.042770150834279624
0,0,0.008043212916838526
0,0,0.07693903553309703
0,0,0.47719059332206226
0,0,0.44865638217775017
1,0,0.25747450815960454
0,1,0.6359509919276483
0,0,0.036760513227629535
0,1,0.883198506715508
0,0,0.07850942655983542
0,0,0.34720601402456547
1,1,0.8834573711287224
0,1,0.8682240453587605
0,1,0.7921842784188798
0,0,0.3979018187706065
0,0,0.0425224622778601
1,0,0.1184902678230461
0,0,0.002556273451397744
0,0,0.00037998106865743997
0,0,0.005463745778727011
0,0,0.37069966868098086
1,1,0.563704024275934
0,1,0.7659199128899526
0,0,0.2746891730862581
1,1,0.7381533507556808
0,0,0.002600923087662661
1,1,0.8500868099342156
0,0,0.17415705816913718
1,1,0.85439647321011
0,0,0.033242894972772434
1,0,0.2578695872854122
0,0,0.3626750897099197
0,0,0.3575618090276665
0,0,0.24076319586844355
1,1,0.730630247037641
0,1,0.6484327595257783
0,0,0.4146129442213577
1,1,0.6647788777608308
1,1,0.6947780054812027
0,1,0.5573214126774445
0,0,0.009693143317485994
0,0,0.38509894812825834
0,0,0.07267001602147026
1,1,0.6564472127731111
0,0,0.23640471781319228
0,0,0.051059885177662814
0,0,0.017052046117904833
0,0,0.01444003617796407
0,0,0.49777496188828524
0,1,0.5769467961716737
0,0,0.12557342386191675
0,0,0.05188943295686217
1,1,0.8144403904834768
0,1,0.7805216953246517
1,1,0.8731098185407294
0,0,0.03023272345431443
1,1,0.7451963666913506
1,1,0.7931719382939353
0,1,0.6872660842993522
1,1,0.5126795611109933
1,0,0.47559907074907715
1,1,0.8492186898522689
0,0,0.021384373525774932
1,1,0.5378416427951966
1,1,0.6803127614851019
0,0,0.0031551903019840484
0,1,0.8677583217306128
1,1,0.8853390448095585
0,0,0.45856691528054727
1,0,0.4781258220123482
1,1,0.8461889459107674
1,1,0.782651944627227
0,0,0.033041285397819524
0,0,0.0161707866222266
0,0,0.004820746341269042
0,0,0.3817982413585689
1,1,0.8637177687279083
0,0,0.017344646538408393
0,1,0.5872612980842938
1,1,0.8325972677597201
0,1,0.5050615386361872
0,0,0.006882866116240251
1,0,0.005445304991392302
0,0,0.0456807368651798
1,0,0.2411557019141898
1,1,0.9295452984341211
0,0,0.050501269821046836
0,1,0.7746093872988976
0,1,0.5752188003338216
1,1,0.7678927230886976
1,1,0.8632131095926197
0,1,0.5678402296862147
0,0,0.4152083029499186
0,1,0.8458591774937946
0,1,0.7590338348118234
0,0,0.005265771911082914
0,0,0.0013088522968906068
1,1,0.842579850092725
1,1,0.8492891180348094
0,0,0.044749602002726194
1,0,0.3347348523115074
0,0,0.0009137901452483706
0,0,0.07971412083721297
0,1,0.86928116593698
0,0,0.005814164098461986
0,0,0.004639451543952292
0,0,0.4823948594871092
0,0,0.388921643579881
0,0,0.2911103133659577
1,1,0.5489818574918554
0,0,0.005084723358233796
1,1,0.6940526245447821
1,1,0.5025530359325491
0,1,0.6753055448367662
0,0,0.08541316090414969
0,0,0.00302605240692176
0,0,0.003970923565480618
0,0,0.34426420368672833
0,0,0.29856313779735394
0,0,0.03136091673494897
0,1,0.7958058400961164
0,1,0.5190800567947925
0,1,0.7406487660641069
0,0,0.08619992266982361
1,1,0.8164124180809397
0,0,0.011049596466747962
0,1,0.5382257257832667
0,0,0.15867374853260136
1,0,0.06758004855143579
1,1,0.735077423925167
0,1,0.6477647767653039
0,0,0.04717985983331362
0,1,0.5183344332160966
1,1,0.8120249127892921
0,0,0.30900810343862567
1,1,0.8813195845017714
0,0,0.0901277226339687
0,0,0.11549787524096534
1,1,0.6633805879203236
0,0,0.26394504170733374
1,1,0.7266611229859155
0,0,0.374087232459366
0,1,0.7901143359134676
0,1,0.6702285720545668
0,0,0.39339207885119265
0,0,0.387999386038823
0,1,0.8463171189781098
1,1,0.9167429049171326
0,0,0.00068420913673811
0,0,0.08298462416794854
1,1,0.9067725672324088
0,0,0.012082151621489224
0,0,0.2128132771504391
0,0,0.06438356814865326
1,0,0.3532892562081448
0,0,0.00040760474352763627
0,0,0.10922368808478972
0,1,0.6493153756394894
0,0,0.07615011649293438
0,0,0.07122048864586016
0,1,0.556113267395481
0,0,0.0029020670874682387
0,0,0.25171418996260625
1,0,0.3893345207296851
0,0,0.14608015040522793
0,0,0.0024392527147778886
0,0,0.2272462191749543
1,0,0.161648421421226
1,1,0.8445301380677495
0,0,0.004004646184350455
0,0,0.47953295887379904
0,0,0.08754324063542013
1,1,0.8235700278440884
0,0,0.013863918402861497
1,1,0.8554397233044606
1,0,0.0017240075341034412
0,0,0.07259895153412536
0,0,0.22214257945057894
0,0,0.47267297428892824
1,1,0.7715642533337729
0,0,0.04920223881155351
1,1,0.8838244133539837
0,0,0.1182803118910492
1,1,0.7932995893160063
0,0,0.05325247694805286
0,0,0.06136092871767945
0,0,0.2176114619596531
0,1,0.6618831858357279
0,0,0.0003670015010277386
0,0,0.35746956310290845
0,0,0.000687686302490658
0,0,0.001090968034446584
1,1,0.8964940956857381
0,1,0.5812166598854744
0,1,0.8208472087348735
1,0,0.09983351719004281
0,0,0.008569307993037269
0,0,0.11134773836136885
0,1,0.8901807387055297
0,1,0.5075765567010013
0,0,0.4378624156041484
1,1,0.7713520537632357
0,1,0.5187220249204064
0,0,0.03139206250742221
1,1,0.5119900583997286
0,1,0.8493347108205269
0,0,0.48010961465723156
0,1,0.8667127428159773
0,0,0.4018020917898997
0,0,0.03774074507406631
0,0,0.07477502384261515
0,1,0.7607841782501021
0,0,0.0015797428177285239
1,1,0.5809626234683692
1,1,0.8783695199322646
0,0,0.0035542439310467734
0,0,0.2865541177302271
1,1,0.646452362619886
0,0,0.0019739920501514454
0,1,0.7441513689204566
0,1,0.7713915532511562
1,1,0.8418336145148175
0,1,0.6323304613569253
0,0,0.007683816274241809
1,1,0.9020114396593902
1,1,0.7041945319518087
0,0,0.003128098079742888
0,0,0.2732113265829324
0,0,0.4943849864143908
0,0,0.3975904311821164
0,0,0.26187500083208304
0,0,0.0005836690871556037
0,1,0.5945776457977139
0,0,0.20746522843859114
0,0,0.004406237673030788
0,0,0.4873486167873911
1,1,0.6254457824365958
0,0,0.012325057163732516
1,0,0.07241362376016727
1,0,0.43154986620915986
1,0,0.04995319592711505
0,0,0.00860961157941157
0,0,0.08421283064781886
0,1,0.6842749274697554
0,0,0.04081281112406099
1,1,0.5204994477930901
0,0,0.19632012618314468
0,0,0.07293969313426399
0,1,0.5153486543481873
1,1,0.5854745392440883
0,0,0.12818127560830578
0,0,0.006674016037294529
0,0,0.28228571236475325
1,1,0.7611779290890531
0,0,0.0058786133052932225
1,1,0.8387447292844136
1,1,0.8271745936265256
1,1,0.5971320141920738
0,0,0.1157095765518831
0,0,0.009026744930071983
0,1,0.8617852135128427
0,0,0.022850886929475466
0,0,0.001247728550900809
0,1,0.5305665651901683
0,0,0.16846933997291488
0,1,0.5676934130428172
1,1,0.8116625412620833
0,0,0.0925678175189323
0,1,0.8233492606680282
0,0,0.009908580285052827
0,0,0.11779026297343481
0,0,0.07026901102025276
0,0,0.10639147242655181
1,1,0.8656367300661914
0,0,0.04004536534034674
1,1,0.6942052403133057
0,1,0.7811612922841252
0,0,0.055549465766626685
0,0,0.000433751393890264
0,0,0.06686430214744793
1,1,0.6849395897327014
0,0,0.006411174473224738
0,1,0.8289142352892451
0,0,0.20030573471008525
0,0,0.018332743262943586
1,1,0.635039763081079
0,0,0.3509053381937825
0,0,0.008660651326929489
0,1,0.5865015938201023
0,0,0.04512674327723394
1,1,0.89341285992125
0,1,0.7187636960816353
0,0,0.1150145731481934
1,1,0.7507486989401453
0,1,0.6587575818512617
0,0,0.010858836478774742
0,0,0.006671404075553335
1,1,0.7483540336857544
0,1,0.8184562299766233
0,0,0.036074852750545686
0,0,0.17000680982580574
0,1,0.6498037024514578
0,0,0.004332640892423738
1,1,0.6453415532934049
0,0,0.08382031296202287
0,0,0.011442379419791765
0,0,0.04962815258133941
1,0,0.30621850694083713
1,1,0.9092812105807231
0,0,0.04335256761317219
0,0,0.0006313328966546681
0,0,0.2931106279844253
1,0,0.1065640753428093
0,0,0.0293187455862178
0,0,0.455813948441063
0,0,0.2888558452562466
0,1,0.5973120695392209
0,0,0.27875909363696116
0,0,0.022596894830813438
1,1,0.8772015018556534
0,1,0.5047116441581143
0,0,0.09146837433194681
0,0,0.0696251108421892
0,1,0.6878568690972292
1,1,0.7937730140221857
0,0,0.011637185317283152
0,0,0.09521574199729724
0,0,0.3989971080958951
1,1,0.858162589295113
0,0,0.01217338071725688
0,0,0.0004332751931408919
0,0,0.05017520854939361
1,1,0.612472262173106
0,0,0.007876125999221372
1,1,0.7901801192628122
1,0,0.19160259366057067
0,0,0.04145063639277064
0,1,0.5789747352147369
0,1,0.5476550300056409
0,0,0.014605592884385309
0,0,0.07175890952719258
0,0,0.3453859602533191
1,1,0.7116857947288937
0,0,0.145193311281791
0,0,0.06163292848172835
0,1,0.8316916913217502
0,0,0.09445886321909772
1,1,0.7693431296791196
0,1,0.7674394026157935
0,0,0.4501850327302502
1,1,0.8232217236376812
0,0,0.2054211181197202
0,0,0.4006961827852981
1,0,0.2854423551132162
0,0,0.26034296255115813
0,1,0.8700346120489317
1,1,0.6367039500799361
0,0,0.3746940040784023
1,1,0.8356498321572605
0,1,0.6463469742382656
1,1,0.9130657548116423
0,0,0.0013291110308121328
0,0,0.35208603022633056
0,0,0.1328428548899457
1,1,0.7812905532941119
0,1,0.846113579627062
0,0,0.05872911023509317
0,0,0.3671014994327767
0,0,0.13250807782822704
0,0,0.19442495872004956
0,0,0.005763754201780808
0,0,0.12416742031787449
1,1,0.720008606270684
0,0,0.295347257672118
0,1,0.6368309703588454
1,1,0.6458939730349174
0,1,0.7262650561048682
1,0,0.49346544975014284
0,0,0.08891285675309957
0,0,0.056118035455878575
1,1,0.5246668683016679
1,1,0.8781963236963878
0,0,0.16161171868962654
1,0,0.2089467235645731
0,1,0.7912314023001786
0,0,0.0370688413773026
0,1,0.5052224298556155
0,0,0.0071652187181416305
0,0,0.2117281828394139
0,0,0.0125366156629245
0,1,0.8539750518899186
0,0,0.0014210408843357148
0,0,0.008260068708560811
1,1,0.8121692924609856
0,0,0.480376857779703
0,0,0.009975724038138047
1,0,0.323268893783783
0,0,0.023972917631852678
0,1,0.6864461122604437
0,1,0.8697831446109158
0,0,0.44464318332649766
1,1,0.835155140417898
1,0,0.2382475249658307
0,0,0.0016564789958443166
0,0,0.4969164658439406
1,1,0.9073945176077246
0,1,0.788931579671923
0,0,0.25376497354689775
0,0,0.19643484740550868
0,0,0.0032800127707488962
0,0,0.049248636865670624
1,1,0.8617292089313051
0,0,0.35824983364946
0,1,0.8037820514903974
1,1,0.7796968932357378
0,0,0.17719892707662446
0,0,0.49150321351269993
1,1,0.7249594425270043
0,0,0.3124018731267855
0,0,0.020384471357690538
0,0,0.17070118594935216
1,0,0.3992644980216271
1,1,0.8186295532798836
0,0,0.0015087861856844776
1,0,0.233344947227246
0,0,0.012213927301951928
0,1,0.5864917316712948
0,0,0.43342719710104477
1,0,0.16820055557931674
0,1,0.7925114018761652
0,0,0.020453739078895885
1,1,0.6948212488313483
1,1,0.7360228724865514
0,0,0.07341465092928963
0,0,0.014603983118084375
0,0,0.0020231398873616
0,0,0.07901435280869724
0,1,0.7304488700164947
0,0,0.2983042500401627
0,0,0.009776550297528441
1,0,0.40896969968246666
0,0,0.0020810621835593906
0,0,0.0032140646517011
1,1,0.8282877893738823
0,1,0.6643859872166521
0,0,0.004954748599054047
0,1,0.6967829843553482
0,1,0.6017149051097943
0,0,0.0032257644509622635
0,0,0.005150923024620394
0,0,0.00534821030186405
0,0,0.0015965075411719756
1,1,0.8690609387960856
1,1,0.6603431486328675
0,0,0.03502164895962354
0,1,0.5134293234996125
1,0,0.03146305382746865
0,1,0.8111895069197025
0,0,0.28093402406861184
0,0,0.05669930035316069
1,1,0.8337098967431489
1,1,0.5306881894471802
1,0,0.027756351186681863
0,0,0.0038351774536552396
0,0,0.00665705564448118
1,1,0.6545220522145755
0,0,0.0006797294036774085
0,0,0.26205669624362704
0,1,0.6245382548019064
0,0,0.0018809340659815153
0,0,0.15401024686403583
0,0,0.4364191006337066
0,1,0.5219854230105927
0,0,0.0838529143454676
1,0,0.2202426709158022
1,1,0.6180641739812447
1,0,0.12608505664117992
0,0,0.0006688141841210522
1,1,0.7227960361163888
0,1,0.6494890764861971
0,0,0.014496144877679083
0,0,0.3798003627367945
0,0,0.43857594701562674
0,1,0.586890075684361
0,0,0.0017159960034731493
0,0,0.0023252185474236186
0,0,0.055750804876945594
0,0,0.06378252179423959
0,1,0.6280002217090871
0,0,0.035851458998398075
1,1,0.6971635265561289
0,0,0.015559768848685433
0,0,0.03725468010343671
1,1,0.6274053027212683
0,0,0.39924156385622106
0,1,0.8234496228437805
0,0,0.31610861947248436
0,0,0.33357600525858755
1,1,0.8168646500075727
0,1,0.5447289261621872
0,0,0.22885718993468526
0,1,0.5733536894241368
0,1,0.8767258219127407
1,1,0.8731766973485061
0,0,0.0025411151393640798
0,0,0.0005934278647695465
0,1,0.7598870536073005
0,0,0.1269902708071016
1,1,0.7254436738577295
0,0,0.002527883512552144
0,0,0.1389334337606858
0,1,0.6308602289184067
1,0,0.0020195274131544166
0,1,0.7470032308881726
0,1,0.8017921204440298
1,1,0.7935582025262188
0,0,0.03933503168786644
0,0,0.12164459949658252
0,0,0.007212874815172982
0,1,0.7660269526032257
0,0,0.007212080776923615
0,0,0.17778912266637778
1,0,0.17488470401575962
0,0,0.09734034205104193
0,1,0.5044965690526763
0,0,0.016840164918145772
0,0,0.30678421033452985
0,0,0.43853122014803614
1,1,0.7931866467246612
0,0,0.006218164209791488
0,0,0.0017832251931290777
1,1,0.7901192641893108
0,1,0.798189399114737
0,1,0.6139265016650379
0,1,0.902049986435299
0,1,0.8931529555428033
0,1,0.8156353204363711
0,0,0.06425049472569967
1,1,0.8160399040437404
0,0,0.14695075938060934
0,1,0.9011304961703288
0,0,0.002972385962117116
0,0,0.04691248068209175
0,1,0.5048302510042794
0,0,0.014717672216339758
0,0,0.47050932125913325
0,0,0.005647995132810444
1,0,0.4853013611545164
0,1,0.5409121635239088
0,1,0.686900612656385
0,0,0.31660745409331836
0,1,0.6363466621481926
0,0,0.4813195608331645
0,1,0.649261379911151
0,0,0.11561706758841908
0,0,0.01760853076278548
0,0,0.005316524034090699
1,1,0.6033800038227423
0,0,0.15410028943870718
1,1,0.5003010362389171
0,0,0.03111081611827528
0,1,0.6284260076181787
0,1,0.7823341171910907
0,0,0.1532209525935452
0,0,0.08969897633199649
0,0,0.010224818128382102
0,1,0.7426941747957143
0,0,0.004793673784496587
0,0,0.3297349702276584
1,1,0.8748351837467246
1,1,0.8573252309844432
0,0,0.008602692939942185
0,0,0.17308840463512584
0,0,0.41456062107058733
0,0,0.1150604607080351
0,0,0.18442894358511377
1,1,0.5132641672163064
0,1,0.5254425729964463
0,0,0.016184716901054465
0,0,0.007737639065346899
0,0,0.4492313601484792
0,1,0.8321724286245944
0,0,0.1325538794435217
0,0,0.07901092845460758
1,1,0.8609836638150559
1,0,0.4103290566502475
0,0,0.3042849874405382
1,1,0.7861519492728548
0,0,0.03419190315592777
0,1,0.5717851027205445
0,0,0.23527317093491493
0,0,0.33683923871424254
0,1,0.7131505639486031
1,1,0.5151890029400965
0,1,0.8564398058305126
1,0,0.4957704152791173
0,1,0.6347799730235479
0,0,0.005531122483704959
0,0,0.23653906934253088
1,1,0.8582957733855362
0,0,0.01773237848447236
0,0,0.45190608264629184
0,0,0.013938757088432674
0,1,0.7827137534452534
0,0,0.13066749091612664
0,0,0.1858875978738468
0,0,0.3957501495733405
0,0,0.48023419845813764
0,0,0.15290228076109802
1,1,0.8606249488881306
0,1,0.897672172632401
0,1,0.7156855109822203
0,0,0.0028488647696836207
0,1,0.5000371119616837
0,0,0.007099187945438917
0,0,0.0016174099815267065
0,1,0.6710989311173154
0,0,0.16068146650423434
0,1,0.5062442467716131
0,1,0.7766130719676677
0,1,0.6642707900013666
1,1,0.5042544803083671
0,0,0.36100557613271606
0,0,0.03042115095009088
0,0,0.2666850540417571
0,1,0.75385727190247
0,1,0.8737136754119537
0,0,0.0998833193217894
1,1,0.5967041082625357
0,0,0.3518191582039547
0,0,0.0010517940712955638
0,0,0.002105943760554987
0,0,0.18027568155413068
0,1,0.8754238821307245
0,0,0.4871368897305384
0,0,0.022061250353739768
1,1,0.8323231039049965
1,1,0.665573113777309
0,0,0.33223387936421767
0,0,0.005791371830356732
0,0,0.1938059175860575
0,0,0.07659860411779348
1,1,0.5741723434605706
1,0,0.03020009743743391
0,0,0.0016507105462174512
0,0,0.17789012204890953
0,0,0.06857161775064365
0,0,0.47644148822072274
0,0,0.13974875656705726
0,1,0.8047629327688979
0,1,0.501646202085223
0,0,0.4039243858650599
0,0,0.1875641899116974
0,0,0.016980462857889816
1,0,0.43328401999948013
0,0,0.1292507103847027
0,0,0.11534780302902914
0,0,0.1445963658815911
0,1,0.6225280576221196
0,1,0.5013396472684637
0,1,0.7708817884809712
1,1,0.7346413655615963
0,0,0.48741685163089166
0,0,0.49653455690295084
0,0,0.016999374895450392
0,0,0.0406090436373718
0,0,0.10228709852314818
0,0,0.36990165850902174
0,0,0.1434314551341956
0,0,0.3474744813483043
0,0,0.006104420955071792
1,1,0.745384898545213
0,0,0.19884976024770187
1,1,0.7608953849758006
1,1,0.8725604585558956
0,0,0.09463836455010921
0,0,0.057728839910619355
0,0,0.03681507503182517
0,0,0.4391127829223687
0,0,0.013741779689762727
1,1,0.8833476336333858
0,0,0.2386468444449978
1,0,0.38135099933891375
1,0,0.45153754069170854
0,0,0.06600511174685719
0,0,0.03869808382984392
1,0,0.4122542963750512
0,1,0.6081335730470155
0,1,0.7359759906011815
0,0,0.09653086715408549
0,0,0.26571677912940206
0,0,0.4142480867897961
0,0,0.14727716573093258
1,1,0.6695669308485315
0,0,0.04406103200363254
1,0,0.1096684728607893
0,0,0.000836985690098323
1,1,0.6032362720590482
0,0,0.12497631253691802
0,0,0.037832122393986284
1,1,0.7626631154700818
0,0,0.21045678974587553
0,0,0.1356957168087126
0,0,0.025377372073154263
0,0,0.1360647759666712
0,0,0.007573595443712027
1,1,0.733424205399434
1,1,0.9333839556681489
0,0,0.4346363566003112
1,1,0.8244388880530148
1,0,0.2937378034497551
0,0,0.011700450701117518
0,0,0.017595626236857002
1,1,0.8358469383401411
1,1,0.754114508706299
0,0,0.03374440763429608
0,0,0.057849721504275815
0,0,0.08713100147314724
0,0,0.00041775005153944984
0,0,0.41431535824021704
1,1,0.762682045603795
0,0,0.000741274216947863
0,0,0.0013445019735433645
0,0,0.3302939125680762
0,0,0.005121215304988556
1,1,0.5522085463152987
1,1,0.5538714517732145
1,1,0.6838240244074312
0,0,0.032283902910400356
0,0,0.05350976882479105
0,0,0.013834752221580931
1,0,0.22567698923410526
0,0,0.130879682455887
0,0,0.0814530652640294
1,1,0.7066602807980269
0,0,0.03354059133317645
1,1,0.768951258962981
0,0,0.45502065952303006
1,1,0.8255824207586964
1,1,0.8508772066301122
1,1,0.8492912171961308
0,0,0.00859909561411866
0,0,0.10835993027040348
0,0,0.09556973033109402
0,0,0.03874683604958912
0,0,0.1436231995671536
0,0,0.0590411456647252
0,0,0.2790991560777453
0,1,0.8854522520892674
0,1,0.7937007839720919
1,1,0.8212827040342785
0,0,0.057850309472005965
1,1,0.8525832870691012
0,1,0.6920908945881836
0,1,0.5248960951758075
0,0,0.042842469920328814
0,0,0.023935210825762235
1,1,0.7715753864370247
0,0,0.0853282056691565
0,0,0.11853919051221462
0,1,0.7789281886393056
0,0,0.0600667543923535
0,0,0.007332351398358271
0,1,0.7462468603868784
1,1,0.8716842679758166
0,1,0.8034530358696639
0,0,0.17379851985729747
0,0,0.0004937187251353362
0,0,0.4977794701458318
1,1,0.7329152469672628
0,0,0.08959468833470477
0,0,0.030051291000796693
1,0,0.2059462909397889
0,0,0.03511366417177358
0,1,0.728491300878971
0,1,0.7468193132929636
0,1,0.5663548536145769
1,0,0.36883000254117526
0,0,0.453015188868769
0,0,0.02644669864496232
0,0,0.48083283160864143
0,1,0.5668961598117925
0,1,0.6561501847487984
0,0,0.0848709031153702
1,1,0.8845964565870812
0,0,0.4398558244612998
0,0,0.0013053992090901287
0,1,0.6816420766418546
0,0,0.052050703533083865
1,0,0.28633354354692014
1,1,0.9025932092303909
0,0,0.0006455820603573671
1,1,0.8533736006877637
0,0,0.16167082035273594
0,0,0.4150601351875746
1,1,0.6406085361334248
0,0,0.0791422397820853
0,1,0.7763639777505537
0,0,0.08057096796116668
0,0,0.08986015004154575
1,1,0.6951532714003091
0,1,0.5317966959880621
0,1,0.5803951657630885
0,1,0.8032586294847853
1,1,0.7958096688779698
0,0,0.008931770690400565
0,1,0.721276930502505
0,1,0.6622035202353197
1,1,0.7596780002905281
0,0,0.01849614992629139
1,1,0.6356439958486113
0,0,0.0013927091173594297
1,1,0.7531440886769761
0,0,0.04541010452719158
0,0,0.4850242237942407
0,0,0.4104525045385477
0,0,0.43769288049242877
0,0,0.010006074960588555
1,0,0.44801387119864733
0,0,0.09351608699809234
0,0,0.07115533973791609
0,0,0.08827318862353822
0,0,0.24860258102400648
1,1,0.7387836898786663
0,0,0.00545821903407262
0,0,0.002464488578737157
0,1,0.6881435238857763
0,0,0.2740880791190449
0,0,0.2642071376419579
0,1,0.6075949817096554
1,0,0.06621393142903448
0,0,0.003061265617133791
0,0,0.010848851236861166
0,0,0.01686282632659697
0,0,0.0027366189917712473
1,1,0.7502777123047254
0,1,0.7964531689195092
1,1,0.7845711418371837
0,0,0.25150700152049277
1,1,0.7317257734428392
0,0,0.3147675819119844
0,0,0.009319035939756063
0,0,0.03132495640059175
0,0,0.003250179693875882
0,0,0.18068558521885467
0,0,0.23317224677119236
0,0,0.11829429418212026
0,0,0.01795681501517762
1,0,0.10180593329352043
0,1,0.8761430527304122
0,1,0.5560755463635458
0,0,0.1854344649232546
0,0,0.0032023121351080685
0,1,0.8849932980724218
0,0,0.3876743795509728
0,0,0.41570596990447833
0,0,0.011254445494928168
0,0,0.023296700006128285
1,0,0.35233825044168077
1,1,0.8011124855967707
0,0,0.0665838964566641
0,0,0.33623684994786895
0,0,0.2262527459360471
0,0,0.1531713668188715
0,0,0.12270230717408828
0,0,0.11513762533147766
0,0,0.3035930832812869
0,0,0.017058243951730133
0,0,0.036572745756019175
1,1,0.7720193309228918
0,1,0.6961978456263291
0,0,0.1425780034337366
0,1,0.6209542200578723
1,1,0.5093090711777655
0,0,0.4726216441925494
0,0,0.07152654576061286
0,1,0.7725394822419959
1,0,0.4161018048917695
0,0,0.013535744339780897
0,0,0.04812183437867297
0,0,0.0048055091678237995
0,0,0.014678373361699153
0,1,0.5910829272913115
0,0,0.06255444430585698
0,0,0.15982431295598265
0,0,0.010346970107609564
0,0,0.004467650575752595
1,1,0.5690962763969503
1,1,0.8905777745718336
0,1,0.871893748145561
0,0,0.006127979082947411
0,0,0.20455557028284557
0,0,0.01047399285779802
1,1,0.8034106221299855
1,1,0.8052993469236026
0,1,0.5252444051922764
0,0,0.0003854936245480584
0,0,0.001768766996926588
0,0,0.06331055653085563
0,0,0.28848532783636144
0,0,0.0019645752433493997
0,0,0.0007824508942883977
1,0,0.36993808230116076
0,0,0.01415649883456836
0,0,0.06036367223983115
1,1,0.8702459104084194
0,0,0.12745818722900673
1,1,0.9230015296409467
0,0,0.05078059238078076
1,1,0.9189609051285196
0,0,0.027604663706915757
0,0,0.38764178125627136
1,0,0.4246207623296051
1,1,0.906635278071727
0,0,0.0038719506299790736
0,0,0.022259701857770035
0,0,0.28363106949958394
0,0,0.10688716777325234
0,0,0.036127783346955135
0,0,0.34699549464815327
1,1,0.8444982903109707
0,0,0.10409426960297569
0,0,0.3836481319420954
1,1,0.5886691868915508
0,0,0.0024485323794092785
0,1,0.8548268981039135
0,0,0.37649014557183397
0,0,0.03236254970797497
0,0,0.18896012828948433
0,1,0.6766703563001487
0,0,0.0079266494528089
0,0,0.22046341306283598
0,0,0.3959929246199929
0,0,0.08843975214755191
0,1,0.5885845970745823
0,0,0.03174598888530529
1,0,0.2013139114343555
0,1,0.5457604121731585
0,0,0.021916951969726033
0,1,0.7164841769288333
0,0,0.0024285368644743352
0,0,0.05312619973976608
0,1,0.7186807787179214
0,0,0.44409690610717395
0,0,0.11779604381845288
0,0,0.0244281019604676
0,0,0.12280945982159823
0,0,0.07129614011858566
0,0,0.12233354687089812
1,1,0.7414249029486731
0,1,0.6093526177189021
1,1,0.7527099914758766
1,1,0.8811596456363704
0,0,0.0066381052853999745
0,0,0.026032565123521645
0,0,0.3615138343694764
0,1,0.5465922198288974
1,1,0.8970733080755803
1,1,0.640686118384506
1,1,0.774806049422009
0,0,0.49793703239378495
0,0,0.0003483351655539371
1,0,0.13207204916804896
0,0,0.0544172325182188
0,0,0.17284107873681792
0,1,0.6950452415254408
0,0,0.073480856287972
1,1,0.5227506544878183
0,0,0.21384877952417952
1,1,0.7514192773187744
1,0,0.3824889671888281
0,0,0.008627426442329214
0,1,0.7695859893973537
1,1,0.8598049516157049
1,1,0.8463072850862027
0,0,0.09524193743621251
0,0,0.004572635787475833
0,0,0.036458685907520334
0,0,0.37999520860553065
0,1,0.6218339875384105
0,0,0.0952310009026527
1,1,0.5148200338733755
1,1,0.8753769253584565
0,0,0.05886004064831949
0,0,0.005157364761386549
0,0,0.2574765908303248
0,0,0.08381632037301891
0,0,0.3422786050835633
1,1,0.7508114606652785
0,1,0.5814054976518812
0,0,0.38782136227308356
1,1,0.8312835971793348
0,0,0.10770887051420186
0,0,0.19075634990931326
0,1,0.859327652170136
0,0,0.0011398683811697358
1,1,0.9205498662401489
1,1,0.8601401066498243
0,0,0.008331078113778416
1,1,0.8301497380903394
0,0,0.48133993819725995
1,1,0.7896790574533183
0,1,0.6317465688606949
0,0,0.06357656623906234
0,0,0.0027253047922816474
0,0,0.11574514740320052
0,1,0.7507603821954042
0,0,0.15421427857900682
1,1,0.7997515257616824
1,1,0.8078516704003307
0,0,0.4140178347866805
0,0,0.035841866186611414
1,0,0.045885976606112745
0,0,0.07606077672610582
1,1,0.6718621471426455
0,0,0.4641984536868769
0,0,0.06498601441393165
0,0,0.019188708311625065
0,0,0.49032861578440523
0,0,0.09119102210615297
0,1,0.8570997663460296
0,0,0.0054192617248990564
1,1,0.8506052128602917
0,1,0.6783696776813007
0,0,0.0014496722590081172
0,1,0.7229102059928931
1,1,0.6526403512737348
0,0,0.4098591856939622
0,0,0.26506339058373246
0,0,0.015925644335043218
0,1,0.8091445092168594
1,0,0.31411064032324165
1,1,0.8512488419614276
0,0,0.10563218270557319
0,1,0.5435380863896678
0,1,0.5595574710048687
0,0,0.14290096504951272
1,1,0.827564625214845
0,0,0.05872244199072064
1,1,0.683735728275083
0,1,0.8591220943712692
0,0,0.2741226891991156
0,0,0.0979142137555605
0,0,0.012496769116492461
0,1,0.8117887263787528
0,0,0.4989831151467416
1,1,0.8263255817288496
0,0,0.17655349689598698
0,0,0.0056901872990470625
1,0,0.46452030576142334
1,1,0.8440887672655274
0,0,0.0012232129905627362
0,0,0.2176969348676593
0,1,0.685275446779129
1,1,0.7128518251086974
0,0,0.11706725170901326
0,0,0.10703096284763118
0,0,0.13371127931980617
1,0,0.30352183372159774
0,0,0.3126789959470353
0,0,0.07243858553600871
0,0,0.023680476847769416
0,1,0.8371276043102929
0,0,0.0012465675976230568
0,1,0.8255430849513451
0,0,0.001446683531951886
1,1,0.611035008783951
0,0,0.36472454390251374
0,0,0.0431764735280839
1,0,0.1434525266016527
0,0,0.007288327757413659
0,1,0.7720193309228918
0,0,0.4059342503699773
1,1,0.6165438439475761
1,1,0.7978967346123278
1,1,0.8287488474758528
0,0,0.017963114180942204
0,0,0.026260073919309103
0,0,0.11941814149210968
0,0,0.3007473517326116
0,1,0.5613831231517493
0,0,0.061666447232063694
0,0,0.15916342962538244
1,1,0.8860590636856813
1,1,0.6352613159441273
0,0,0.0833552854935223
0,0,0.016289231363995838
0,0,0.0851533769940428
1,1,0.5399608648596703
1,1,0.8115052100195772
0,0,0.07998882751552742
0,0,0.17269340640123132
0,0,0.009392193262767076
1,1,0.7416418528523505
1,1,0.7779041482751039
1,0,0.1359843199666937
0,0,0.0038255418011001684
1,1,0.8395162148243966
0,0,0.2084063026250373
0,0,0.42109016012031864
0,0,0.48060067630837583
0,0,0.28117470653986015
